{"root_pose": [-3.025395631790161, 0.11813375353813171, -0.1519085019826889], "body_pose": [-0.25103867053985596, -0.030396074056625366, 0.1930965632200241, -0.187779039144516, 0.004998976364731789, -0.08163033425807953, 0.24800801277160645, 0.011446968652307987, -0.012774324975907803, 0.762020468711853, -0.036767683923244476, -0.023185256868600845, 0.52955162525177, -0.001505574444308877, 0.07977064698934555, -0.003836803138256073, -0.001561074866913259, -0.03048849292099476, -0.19218164682388306, 0.09346751123666763, -0.06614140421152115, -0.2414887547492981, -0.16501441597938538, -0.0349409356713295, -0.008988545276224613, -0.0047687143087387085, -0.011083109304308891, 0.012874475680291653, -0.015475434251129627, -0.003768795868381858, -0.007421288173645735, -0.005040577147156, -0.004951688926666975, -0.09285860508680344, -0.1421111822128296, 0.06654494255781174, 0.011863385327160358, -0.032615795731544495, -0.28306105732917786, 0.007537628524005413, 0.08410422503948212, 0.24087828397750854, -0.05029649659991264, -0.015877993777394295, -0.021778004243969917, 0.1088813915848732, -0.1163891851902008, -0.8597677946090698, 0.11370032280683517, 0.18900488317012787, 0.854671061038971, 0.20432910323143005, -1.0322517156600952, 0.4009333550930023, 0.30630022287368774, 1.157259464263916, -0.36153069138526917, 0.23094376921653748, 0.23675763607025146, 0.32700562477111816, 0.1226719319820404, -0.10695729404687881, 0.02527599409222603], "lhand_pose": [-0.08135022222995758, 0.04484663903713226, -0.38647735118865967, 0.1421077400445938, 0.017013898119330406, -0.12279483675956726, -0.06112033873796463, -0.1046447679400444, 0.09455622732639313, -0.09785564243793488, 0.049942899495363235, -0.4280855655670166, 0.025957096368074417, -0.021160587668418884, 0.07481313496828079, -0.015435217879712582, -0.026665257290005684, -0.0096648083999753, 0.09822984784841537, -0.04150529205799103, -0.06049828603863716, -0.030342550948262215, -0.0019651614129543304, 0.046482253819704056, -0.09251726418733597, -0.043625958263874054, -0.0660543441772461, 0.05203363299369812, -0.044563859701156616, -0.2539246380329132, -0.0758994072675705, -0.07122444361448288, 0.2535589039325714, -0.07231786102056503, 0.07984985411167145, -0.06055975705385208, 0.0674261599779129, -0.1317628026008606, 0.024901697412133217, -0.10746124386787415, -0.3946411609649658, -0.1894489973783493, 0.07168535143136978, 0.11896456778049469, 0.24524684250354767], "rhand_pose": [-0.07628979533910751, 0.02050568163394928, -0.015383841469883919, -0.034664034843444824, -0.009970939718186855, -0.40144938230514526, 0.10099221020936966, -0.0493958406150341, -0.07725143432617188, 0.17267337441444397, 0.03277153894305229, -0.24526429176330566, -0.015578431077301502, 0.03000953234732151, -0.34287169575691223, -0.03294265270233154, -0.03689766302704811, -0.19776371121406555, 0.539720892906189, -0.19781376421451569, -0.2868955433368683, 0.21393659710884094, -0.08338157832622528, -0.2590419352054596, 0.040457144379615784, -0.01261546928435564, -0.29088094830513, 0.24052174389362335, -0.16417105495929718, -0.36127468943595886, 0.11757674068212509, -0.05895543470978737, -0.4772418439388275, 0.03361423313617706, -0.06410147249698639, -0.21686872839927673, -0.46698474884033203, 0.301019549369812, -0.23618967831134796, -0.0006920011946931481, 0.18581897020339966, 0.34720608592033386, -0.30848467350006104, 0.17796865105628967, -0.5161131024360657], "jaw_pose": [0.050015538930892944, -0.0015029580099508166, -0.007083026692271233], "shape": [-0.026475802063941956, -0.033558331429958344, 0.15761511027812958, 0.07820150256156921, -0.009121273644268513, 0.020783988758921623, -0.011597624979913235, -0.017333682626485825, 0.032986219972372055, -0.020182162523269653], "expr": [-0.1321992576122284, 0.09920681267976761, -1.0471158027648926, 0.9354344606399536, 0.8780875205993652, -0.5619062185287476, -0.4673469364643097, 0.19386406242847443, -0.3884408175945282, -0.37113308906555176]}