{
    "shape": [
        0.9100562930107117, 0.4227640926837921, 1.39877188205719,
        -1.547849416732788, 0.31586116552352905, 0.9757591485977173,
        0.7573679089546204, 0.012063476257026196, -1.3912534713745117,
        -0.7965681552886963
    ],
    "pose": [
        -2.338707208633423, 0.13224166631698608, 1.3488662242889404,
        0.03144967183470726, 0.02950974553823471, 0.06850124150514603,
        -0.3811488747596741, 0.03721018135547638, -0.11442796885967255,
        0.27456986904144287, -0.05778481811285019, 0.0003298258234281093,
        0.10062326490879059, -0.050093065947294235, -0.055552974343299866,
        0.08555582165718079, 0.06164541468024254, -0.07786674052476883,
        0.16956965625286102, -0.08711650967597961, 0.09965590387582779,
        0.2657352387905121, -0.07937266677618027, -0.09854720532894135,
        0.07169275730848312, 0.0651361420750618, 0.029426224529743195,
        0.08373739570379257, -0.044210780411958694, 0.03485995531082153,
        -0.010120746679604053, -0.008053808473050594, 0.06734514981508255,
        -0.011759087443351746, -0.0629827007651329, -0.027791514992713928,
        0.14074943959712982, -0.3278571665287018, 0.005578441545367241,
        -0.03831551596522331, -0.04820026457309723, -0.11248406022787094,
        -0.06527445465326309, 0.12484463304281235, 0.32809969782829285,
        -0.149411141872406, -0.19354093074798584, 0.15646281838417053,
        0.048116136342287064, -0.41700828075408936, -1.0102133750915527,
        0.02995089255273342, 0.259513795375824, 0.96217280626297,
        0.1196158304810524, -0.5711697936058044, -0.2712770998477936,
        -0.1325158178806305, 0.5481758713722229, 0.15473683178424835,
        0.1989283561706543, -0.2017802596092224, 0.4701429307460785,
        0.06952759623527527, 0.16586357355117798, -0.522062361240387,
        -0.24114522337913513, -0.03300013765692711, -0.21889275312423706,
        -0.1578337699174881, 0.10334251821041107, 0.22699598968029022
    ],
    "trans": [0.020119949742960917, 0.09953074379207771, 2.451864763113539],
    "gender": "male"
}
