{"root_pose": [-3.015141725540161, 0.11720588058233261, -0.5889237523078918], "body_pose": [0.10520309209823608, 0.03760196641087532, -0.09511943906545639, -0.38609227538108826, 0.12123951315879822, 0.1060887798666954, 0.26425206661224365, -0.1082606092095375, -0.01631162129342556, 0.368792861700058, 0.0009292998001910746, -0.03821013867855072, 0.43280476331710815, -0.03645577281713486, 0.02754972130060196, 0.005657849833369255, 0.0028649047017097473, 0.0014042076654732227, -0.1993764340877533, 0.18079568445682526, 0.0029782229103147984, -0.14743255078792572, -0.13567958772182465, 0.02128465473651886, -0.011539853177964687, -0.018842589110136032, 0.00012886335025541484, 0.01204204373061657, 0.0026296693831682205, 0.004151245579123497, 0.026937177404761314, 0.011667788960039616, -0.0036486750468611717, -0.009455935098230839, -0.18100209534168243, -0.028393223881721497, -0.11627225577831268, -0.2794075310230255, -0.08181876689195633, 0.031219812110066414, 0.11322274059057236, 0.18560786545276642, -0.13748179376125336, -0.026564864441752434, 0.013112236745655537, -0.12033114582300186, -0.5412853956222534, -0.8033019304275513, 0.15364739298820496, 0.07585150003433228, 0.9276938438415527, 0.02817380614578724, -1.7148197889328003, 0.6906310319900513, 0.1556740403175354, 0.607975423336029, -0.16558657586574554, -0.1664511114358902, -0.4711989760398865, 0.8291409611701965, 0.26141679286956787, -0.45093294978141785, 0.27137991786003113], "lhand_pose": [-0.08077622205018997, 0.11493109166622162, -0.2006310224533081, 0.15996825695037842, 0.07915397733449936, -0.3791271448135376, -0.06135793402791023, -0.13400183618068695, 0.08708779513835907, -0.45574870705604553, 0.1904877871274948, -1.073740839958191, 0.05558406934142113, 0.06039576604962349, -0.5346301198005676, 0.03976631164550781, -0.09734978526830673, -0.40296104550361633, -0.8130282759666443, -0.20864258706569672, -0.7986670136451721, -0.17725108563899994, -0.107901431620121, -0.4258507192134857, -0.4015749394893646, -0.0290631502866745, -0.5751944780349731, -0.25948387384414673, -0.2089565545320511, -1.1464439630508423, -0.2805083096027374, -0.16920550167560577, -0.28964948654174805, -0.13867543637752533, 0.051669295877218246, -0.5122619271278381, 0.35543012619018555, 0.1699991673231125, 0.010694984346628189, -0.13686475157737732, -0.22219407558441162, -0.0075761484913527966, 0.26913174986839294, 0.33089932799339294, -0.0818297490477562], "rhand_pose": [-0.06455229967832565, -0.10200601816177368, -0.29890137910842896, -0.08308744430541992, -0.11222929507493973, -0.2898433208465576, 0.18782131373882294, -0.03879731148481369, 0.006060313433408737, -0.32408419251441956, -0.18357637524604797, 0.714773952960968, 0.08038215339183807, -0.05446811020374298, 0.47861340641975403, 0.030133917927742004, 0.049621351063251495, 0.24296662211418152, -0.5022397041320801, 0.08405394107103348, 0.5600734949111938, 0.1262100487947464, 0.06445513665676117, 0.3309463858604431, -0.4246538281440735, -0.0745176300406456, 0.2820289433002472, -0.15103039145469666, 0.1458413004875183, 0.8339489698410034, -0.1393490433692932, 0.04579739272594452, 0.1111820638179779, -0.06890694797039032, -0.04914867877960205, 0.30809295177459717, -0.00019347722991369665, -0.10105753690004349, -0.24533814191818237, -0.04876759275794029, -0.0965023785829544, 0.2613133192062378, 0.13128750026226044, -0.2914045453071594, -0.13205364346504211], "jaw_pose": [0.07603435963392258, -0.0032644609455019236, -0.008781848475337029], "shape": [-0.03370700776576996, -0.09536045789718628, -0.10658291727304459, 0.07814298570156097, -0.0201560091227293, 0.09275267273187637, -0.04923147335648537, 0.023817947134375572, 0.004004138987511396, 0.007741616573184729], "expr": [-0.6810852289199829, 0.5359387993812561, -1.3165720701217651, 0.4578699469566345, -0.5909565687179565, -0.3780980706214905, -0.5470250844955444, 0.5141434073448181, -0.38291242718696594, -0.15635454654693604]}