{"root_pose": [-2.3220953941345215, 0.2415602207183838, 1.5194685459136963], "body_pose": [-0.07885666936635971, 0.0504511296749115, 0.07387667894363403, -0.38208362460136414, -0.006047806702554226, -0.20457394421100616, 0.3504178524017334, -0.05725762993097305, 0.04993662238121033, 0.27891501784324646, 0.0028024932835251093, -0.0844988003373146, 0.16032622754573822, 0.033128056675195694, 0.03456326574087143, 0.022380877286195755, -0.005252842325717211, 0.040952108800411224, -0.20450957119464874, 0.12426639348268509, -0.02116624265909195, -0.0920931026339531, -0.08887964487075806, 0.05872118100523949, -0.01479870080947876, -0.0012076309649273753, 0.009438528679311275, 0.0051216259598731995, 9.739690722199157e-05, 0.0032858909107744694, 0.003945694770663977, 0.00565636670216918, 0.003635130822658539, 0.23510722815990448, -0.10280110687017441, 0.053510840982198715, 0.0071630277670919895, -0.1356731355190277, -0.28415486216545105, 0.04169508442282677, 0.20836053788661957, 0.3224788010120392, -0.0024879747070372105, -0.06414060294628143, -0.001965835690498352, 0.027620282024145126, -0.22143042087554932, -0.8867621421813965, 0.13523779809474945, 0.23130886256694794, 0.888977587223053, 0.17880406975746155, -0.48282596468925476, 0.15494683384895325, 0.26977813243865967, 0.42813101410865784, -0.1452188938856125, 0.06562687456607819, -0.1541508436203003, 0.30739808082580566, 0.19766417145729065, 0.21571969985961914, -0.1745656132698059], "lhand_pose": [-0.09775763005018234, 0.10988076031208038, -0.001990414224565029, 0.0035804978106170893, -0.000836703460663557, -0.6715930700302124, 0.04702645167708397, -0.08656453341245651, -0.43566301465034485, -0.07268375158309937, 0.05182882025837898, -0.25096821784973145, -0.03978452831506729, -0.032628823071718216, -0.5544453859329224, -0.04212528094649315, -0.033162642270326614, -0.41992199420928955, 0.20335358381271362, -0.05289356783032417, 0.06194980442523956, -0.4006107449531555, -0.13268621265888214, -0.30088257789611816, -0.11521364748477936, -0.09638899564743042, -0.4592615067958832, 0.07723038643598557, -0.054249055683612823, -0.10025381296873093, -0.16730105876922607, -0.10504178702831268, -0.4976416826248169, -0.09980913996696472, 0.011843409389257431, -0.37674635648727417, -0.15367022156715393, -0.006415758281946182, 0.14170072972774506, 0.06935228407382965, 0.13121642172336578, -0.1528448611497879, 0.09265950322151184, 0.2840019762516022, -0.010794530622661114], "rhand_pose": [-0.08427966386079788, -0.12092849612236023, 0.26924169063568115, 0.09253980219364166, 0.015219979919493198, 0.27785587310791016, -0.021759891882538795, 0.06538518518209457, 0.045005302876234055, -0.09070949256420135, 0.008825107477605343, 0.39507046341896057, -0.007884280756115913, 0.02119431085884571, 0.20262053608894348, -0.023793958127498627, 0.006273498758673668, 0.17473632097244263, 0.06867438554763794, 0.16571101546287537, -0.08409122377634048, -0.37572187185287476, 0.05739057436585426, 0.17776139080524445, -0.020806847140192986, 0.07500027865171432, 0.3202992379665375, 0.040842872112989426, 0.13685482740402222, 0.16897350549697876, -0.1283789426088333, 0.08726604282855988, 0.271994024515152, -0.05558711290359497, -0.03513982519507408, 0.21426761150360107, -0.06594451516866684, -0.11601053178310394, -0.057279568165540695, 0.0647725984454155, -0.0897386372089386, 0.06460341066122055, 0.061085913330316544, -0.1068931519985199, 0.00240586930885911], "jaw_pose": [0.04846939817070961, 0.012302185408771038, 0.0018838531104847789], "shape": [-0.0608200803399086, -0.013456504791975021, 0.1185353621840477, 0.009204520843923092, -0.021147720515727997, -0.043743886053562164, -0.0052560120820999146, 0.0016161719104275107, 0.06916061043739319, 0.005491816438734531], "expr": [1.5357469320297241, -0.04124289005994797, -2.5236082077026367, 1.5335242748260498, -3.2498812675476074, 1.2584195137023926, -0.06467785686254501, -2.0094220638275146, 0.5839323997497559, -1.052236557006836]}