{"root_pose": [-2.800931453704834, -0.07594314217567444, 0.0868978500366211], "body_pose": [-0.4119383692741394, -0.03521372377872467, 0.17540092766284943, -0.39368191361427307, -0.036023154854774475, -0.10835161805152893, 0.5076889395713806, 0.0048560332506895065, 0.004959975369274616, 0.42935338616371155, -0.03430404141545296, -0.014928358606994152, 0.8683480620384216, -0.04622003808617592, 0.13454295694828033, -0.08687648922204971, -0.0001613068307051435, -0.035434234887361526, -0.19962161779403687, 0.08949580043554306, -0.04926984757184982, -0.3040870130062103, -0.18724222481250763, -0.012289393693208694, -0.027214795351028442, 0.0013875649310648441, -0.01596417836844921, 0.011922423727810383, -0.017805742099881172, -0.00986574124544859, 0.006148875690996647, -0.008427783846855164, -0.0027506279293447733, -0.18212410807609558, 0.2799086272716522, 0.07544583827257156, -0.0976361632347107, -0.1286047101020813, -0.046143610030412674, -0.01589393801987171, 0.013191808946430683, -0.06114185228943825, -0.24723796546459198, 0.08870280534029007, -0.021287022158503532, -0.10214575380086899, -0.11709143966436386, -0.6394270062446594, 0.08085423707962036, 0.05514155700802803, 0.6344232559204102, -0.07624253630638123, -1.0544254779815674, 0.5434525012969971, 0.08617877960205078, 1.1550233364105225, -0.12708565592765808, -0.8411951065063477, 0.2619934678077698, 0.6943966746330261, -0.03850749507546425, 0.035252589732408524, -0.04964211955666542], "lhand_pose": [-0.1007823497056961, 0.10553903877735138, -0.2910902500152588, 0.14262159168720245, 0.010338876396417618, -0.5590291023254395, -0.0608973354101181, -0.1635366976261139, -0.1268707513809204, -0.24719594419002533, 0.09368976950645447, -0.7270694971084595, 0.028844071552157402, 0.01251639612019062, -0.26902148127555847, -0.003581539960578084, -0.03168274089694023, -0.37192362546920776, -0.3694872558116913, -0.1667633056640625, -0.553999662399292, -0.12457717955112457, -0.08179331570863724, -0.2278403788805008, -0.17292055487632751, -0.08803040534257889, -0.3761974573135376, -0.1275627762079239, -0.13505245745182037, -0.7339666485786438, -0.2258361130952835, -0.13517989218235016, -0.20977577567100525, -0.11014138162136078, 0.0460871160030365, -0.41548097133636475, 0.11330606043338776, 0.0616786926984787, 0.04707743227481842, -0.06250189989805222, -0.1478029489517212, -0.1354784220457077, 0.204844668507576, 0.24872079491615295, -0.013783172704279423], "rhand_pose": [-0.05567553639411926, -0.08326731622219086, 0.09297239035367966, 0.05214235186576843, 0.011276211589574814, 0.14489291608333588, -0.0020764616783708334, 0.01820363476872444, -0.025941897183656693, -0.12131574749946594, -0.0014474719064310193, 0.32283368706703186, 0.022899508476257324, -0.018331043422222137, 0.12558551132678986, 0.01516412477940321, 0.023365534842014313, 0.07044924795627594, 0.030827820301055908, 0.09708219021558762, -0.043882545083761215, -0.0835464596748352, -0.01630960963666439, 0.12251509726047516, -0.08967085182666779, -0.030073292553424835, 0.18654274940490723, 0.013079702854156494, 0.08490771055221558, 0.19656720757484436, -0.0720558762550354, 0.020692801102995872, 0.0946543961763382, -0.035837322473526, -0.02617543563246727, 0.1315000206232071, 0.02005445957183838, -0.1275598406791687, -0.04864583909511566, 0.006468268111348152, -0.09192252159118652, -0.007747159339487553, 0.02289154753088951, -0.0016500608762726188, 0.004875283222645521], "jaw_pose": [0.07040426135063171, -0.01607959344983101, -0.062463440001010895], "shape": [0.07960252463817596, 0.06965746730566025, 0.09195348620414734, 0.025548212230205536, -0.024598313495516777, -0.0739646628499031, 0.0037303478457033634, -0.0002167808124795556, 0.02894645743072033, -0.005317654460668564], "expr": [0.07694496214389801, 0.9735579490661621, -2.3817672729492188, 1.0987452268600464, 1.2109688520431519, -1.0931841135025024, -1.211087942123413, 0.16824443638324738, -0.5429221391677856, -0.4391835331916809]}