{"root_pose": [0.1075076013803482, -0.013614315539598465, -3.0466747283935547], "body_pose": [-0.5291813015937805, 0.14044807851314545, 0.43867796659469604, -0.576662003993988, -0.0823400542140007, -0.4949439764022827, 0.6040105819702148, -0.06288585811853409, 0.08092410117387772, 0.8138797879219055, 0.04341777786612511, -0.08414044976234436, 0.9635921716690063, 0.000338963873218745, 0.071233831346035, 0.025174573063850403, 0.0031427876092493534, 0.028394168242812157, -0.37829965353012085, -0.010586201213300228, -0.04510384052991867, -0.33368921279907227, 0.033896658569574356, 0.10046013444662094, -0.07801780849695206, 0.005679802969098091, 0.03729346767067909, -0.0017225840128958225, -0.008436150848865509, 0.002094010356813669, 0.0012329008895903826, 0.010990145616233349, 0.0005213308031670749, 0.22563961148262024, -0.06556706875562668, 0.07431112229824066, 0.006862628273665905, -0.39056676626205444, -0.042946331202983856, -0.032509639859199524, 0.48406222462654114, 0.07937011867761612, -0.08325454592704773, -0.0659271776676178, -0.013560041785240173, 0.015590650960803032, -0.3199043571949005, -0.9436594247817993, -0.08355604857206345, 0.4345211684703827, 0.7885984778404236, 0.1769552230834961, -1.431188941001892, 0.26796218752861023, 0.1829206496477127, 1.2783756256103516, -0.44635921716690063, -0.06565224379301071, -0.17454323172569275, 0.3022712171077728, -0.05993597209453583, 0.16140632331371307, -0.35481077432632446], "lhand_pose": [-0.06723480671644211, 0.0884539932012558, -0.21038956940174103, 0.10224740207195282, 0.01600515842437744, -0.08108316361904144, -0.010722809471189976, -0.02227398008108139, 0.10881401598453522, -0.08625148981809616, 0.013221995905041695, -0.48419055342674255, 0.0361158512532711, 0.009303297847509384, 0.012120317667722702, -0.005461975932121277, -0.0032057594507932663, -0.02930067852139473, -0.09799741953611374, -0.12147245556116104, -0.10094403475522995, -0.11856082081794739, -0.011160149239003658, -0.01965772733092308, -0.043805673718452454, -0.023095976561307907, -0.07486480474472046, 0.005296206567436457, -0.1056709885597229, -0.3435482680797577, -0.07564886659383774, -0.06489619612693787, 0.04616254195570946, -0.03132258355617523, 0.05737723037600517, -0.04245029762387276, -0.029757460579276085, 0.07084093242883682, 0.08311352878808975, -0.0010885420488193631, -0.02456001751124859, -0.14625072479248047, 0.03692269325256348, 0.06503396481275558, 0.1060866117477417], "rhand_pose": [-0.07200741767883301, -0.0915825366973877, 0.2178349643945694, 0.08786863088607788, 0.0012634384911507368, 0.17463095486164093, -0.017815785482525826, 0.04657566547393799, -0.06141658127307892, -0.1135539636015892, -0.0010037684114649892, 0.46534743905067444, 0.03467310220003128, -0.006485265679657459, 0.051695242524147034, -0.006382564548403025, 0.010795637033879757, 0.058490071445703506, -0.007552214432507753, 0.10826238989830017, 0.06612461805343628, -0.13500352203845978, 0.008712036535143852, 0.012263950891792774, -0.04077758267521858, 0.018946776166558266, 0.0989760011434555, 0.023302605375647545, 0.10949594527482986, 0.29243600368499756, -0.0747520849108696, 0.06777450442314148, -0.0015092367539182305, -0.04041906073689461, -0.05347698554396629, 0.06606844067573547, -0.026751993224024773, -0.03913949057459831, -0.08962536603212357, 0.0022129900753498077, 0.021686440333724022, 0.12519501149654388, 0.049805980175733566, -0.06915973871946335, -0.09604383260011673], "jaw_pose": [0.02136724255979061, -0.021804900839924812, -0.019651047885417938], "shape": [-0.052346423268318176, -0.0387616828083992, 0.17698074877262115, 0.07543255388736725, -0.01688079722225666, -0.020789295434951782, -0.010228575207293034, -0.05073681101202965, 0.010795829817652702, -0.009859416633844376], "expr": [0.5142292380332947, -0.23399850726127625, -2.040632963180542, 0.7425640821456909, -2.641756772994995, 0.559063732624054, -1.4532442092895508, -0.6926305890083313, 0.10428732633590698, -0.7265174984931946]}