{"root_pose": [-3.1167614459991455, -0.11793897300958633, -0.3663853406906128], "body_pose": [-0.3767932653427124, 0.05399615690112114, 0.35878509283065796, -0.14634081721305847, 0.019975172355771065, -0.4099579155445099, 0.27598628401756287, -0.006549194920808077, 0.03519468009471893, 0.8514440655708313, 0.0655859187245369, -0.07536166161298752, 0.6658449769020081, 0.18082129955291748, -0.0548759400844574, 0.03041679784655571, -0.007051422260701656, -0.060657259076833725, -0.10542692989110947, 0.1304791420698166, -0.06688983738422394, -0.12369941174983978, -0.02401987463235855, 0.13688550889492035, -0.09085474908351898, -0.003049087943509221, -0.027476385235786438, 0.007490420248359442, 0.017005261033773422, -0.012953324243426323, -0.003389613935723901, 0.011295671574771404, 0.00762625178322196, 0.008626189082860947, -0.16042493283748627, 0.13118742406368256, 0.022510364651679993, -0.257636696100235, -0.17741277813911438, -0.05509813874959946, 0.2143753319978714, -0.0728488489985466, -0.13073988258838654, -0.01917824149131775, 0.07864537835121155, 0.20376262068748474, -0.2278408259153366, -0.8429238200187683, -0.1520231068134308, 0.18060997128486633, 0.20569652318954468, 0.3639596700668335, -1.3998645544052124, 0.20167191326618195, -0.611758291721344, 1.4385449886322021, -0.10793136805295944, -0.016950398683547974, -0.17133527994155884, 0.1892135739326477, -0.18137161433696747, 0.10155106335878372, 0.879014790058136], "lhand_pose": [-0.07587622851133347, 0.11685767769813538, -0.39762750267982483, 0.15404775738716125, -1.6141057130880654e-05, -0.44573158025741577, -0.048260148614645004, -0.09425365924835205, 0.0015826248563826084, -0.17435666918754578, -0.00011130597704323009, -0.6760658621788025, 0.012777041643857956, -0.0028930041007697582, -0.2643446624279022, -0.019906748086214066, -0.022566670551896095, -0.22907906770706177, -0.24029433727264404, -0.1730269342660904, -0.17663122713565826, -0.23590141534805298, -0.059793561697006226, -0.11544308811426163, -0.09308642148971558, -0.04978244751691818, -0.248189777135849, -0.0789044126868248, -0.17365604639053345, -0.3976215422153473, -0.1660953164100647, -0.11614176630973816, -0.192400261759758, -0.07977313548326492, 0.058864858001470566, -0.23647324740886688, 0.04569825530052185, 0.1208549439907074, 0.07575646787881851, -0.012498009949922562, -0.027352027595043182, -0.13109278678894043, 0.0762152299284935, 0.11021394282579422, 0.07299795001745224], "rhand_pose": [-0.14511841535568237, -0.11802636831998825, 0.38693222403526306, 0.1966150552034378, -0.021120954304933548, -0.34840068221092224, -0.06655753403902054, 0.007600713986903429, -0.5793778300285339, 0.011274781078100204, 0.08989358693361282, 0.48659685254096985, 0.1062958836555481, -0.023971039801836014, -0.7234008312225342, 0.009059050120413303, -0.027502121403813362, -0.39694780111312866, 0.38822421431541443, 0.21041476726531982, -0.20096802711486816, 0.01597347855567932, -0.12429948896169662, -0.3107047975063324, 0.18759316205978394, -0.021002404391765594, -0.22169704735279083, 0.22552081942558289, 0.14393596351146698, 0.1872996687889099, 0.041596513241529465, 0.030161242932081223, -0.5711377859115601, 0.028202736750245094, -0.11576028913259506, -0.3286595344543457, -0.2766950726509094, 0.003403410315513611, -0.17801421880722046, 0.061313409358263016, 0.05036875605583191, 0.26768365502357483, -0.07013300061225891, 0.1131378561258316, -0.2769351601600647], "jaw_pose": [0.026617005467414856, -0.0022800599690526724, 0.010533954948186874], "shape": [-0.006571103818714619, 0.052415721118450165, -0.01661141961812973, 0.08258504420518875, 0.016314847394824028, 0.04960036277770996, -0.011702021583914757, -0.043030109256505966, 0.01450774259865284, -0.011697371490299702], "expr": [0.37666943669319153, 0.8553669452667236, -1.8635754585266113, 0.3170517683029175, -0.17111949622631073, -1.11680006980896, -0.46402275562286377, 0.3962717056274414, -0.32838037610054016, -0.09972639381885529]}