{"root_pose": [-2.5324692726135254, 0.4244091212749481, 1.3349065780639648], "body_pose": [-1.2945212125778198, -0.018496962264180183, -0.09888358414173126, -1.3190971612930298, 0.17859166860580444, -0.5906709432601929, 1.2427297830581665, 0.07221124321222305, 0.17585906386375427, 1.2504369020462036, 0.13792231678962708, -0.2547287940979004, 1.896760106086731, -0.060941241681575775, 0.22951243817806244, -0.19686535000801086, 0.1368996649980545, 0.020690102130174637, -0.29465535283088684, 0.08001620322465897, 0.010932606644928455, -0.13214914500713348, -0.039217572659254074, 0.140861377120018, -0.0651811808347702, 0.10579627752304077, 0.03896305337548256, 0.05520893260836601, -0.0059261503629386425, 0.02367476187646389, 0.046009887009859085, 0.0130728455260396, -0.01708054170012474, 0.22126495838165283, -0.18632468581199646, 0.05822564661502838, -0.042027514427900314, -0.2639240622520447, 0.006853594910353422, -0.007940744049847126, 0.587219774723053, -0.2059394270181656, -0.21863633394241333, -0.07180271297693253, -0.0028072125278413296, 0.10218843072652817, -0.0551973395049572, -0.6610298752784729, -0.1674560308456421, 0.20805217325687408, 0.08055660128593445, 0.007003327831625938, -1.4595668315887451, 0.2915096879005432, -0.07082021981477737, 0.41572484374046326, -0.17794126272201538, -0.3549197316169739, -0.29945558309555054, 0.2471405267715454, 0.3849646747112274, -0.04353959485888481, -0.40154293179512024], "lhand_pose": [-0.05177680402994156, 0.07222096621990204, -0.028945159167051315, 0.02439616061747074, 0.011926149018108845, -0.25567716360092163, 0.019176319241523743, -0.06261041760444641, -0.14983677864074707, -0.17234382033348083, 0.0730627179145813, -0.3744576573371887, 0.0019682797137647867, 0.021486230194568634, -0.4205881953239441, -0.0025784920435398817, -0.04469284787774086, -0.32860034704208374, -0.35319966077804565, -0.07114233821630478, -0.3535379469394684, -0.034074001014232635, -0.10036471486091614, -0.34523096680641174, -0.2795940935611725, 0.010859470814466476, -0.34144294261932373, -0.09344196319580078, -0.07284104824066162, -0.4057268798351288, -0.13905812799930573, -0.0780671164393425, -0.33495032787323, -0.07829724252223969, 0.01510954461991787, -0.3491317927837372, 0.041366830468177795, 0.08956115692853928, 0.07944640517234802, -0.024343296885490417, 0.03448896110057831, -0.07509278506040573, 0.12776748836040497, 0.19402563571929932, -0.00362270581535995], "rhand_pose": [-0.030031662434339523, -0.028378218412399292, 0.26265260577201843, 0.1132395789027214, 0.00938494224101305, 0.05955323204398155, -0.06863346695899963, 0.050959207117557526, -0.11545402556657791, -0.07579005509614944, -0.005212313961237669, 0.26309821009635925, 0.004224207252264023, -0.01245968695729971, 0.055640123784542084, -0.0013084330130368471, 0.02876134030520916, 0.05691101774573326, 0.005658808164298534, 0.020187947899103165, -0.04078591614961624, -0.04832964017987251, 0.003823960665613413, 0.0045822965912520885, -0.0647108256816864, 0.014510251581668854, 0.07776051014661789, 0.003417340572923422, 0.034388910979032516, 0.1760244369506836, -0.061570338904857635, 0.039114370942115784, -0.04666591435670853, -0.04758011922240257, -0.03335493430495262, 0.08083989471197128, 0.1329926699399948, -0.027826352044939995, 0.035552024841308594, -0.0721500888466835, 0.2154000997543335, 0.00496350321918726, 0.026775529608130455, -0.007895068265497684, -0.07313743233680725], "jaw_pose": [0.03300095722079277, 0.010408522561192513, 0.008775785565376282], "shape": [0.05032217502593994, 0.03606610745191574, -0.13053880631923676, 0.036085572093725204, 0.057816244661808014, 0.025646492838859558, -0.018289893865585327, -0.02234250120818615, -0.04646870121359825, -0.02517930418252945], "expr": [0.9630305767059326, 0.1046648621559143, -2.4201791286468506, 0.5698286890983582, -2.5179038047790527, 0.7985619306564331, -0.5812605023384094, -1.4008047580718994, -0.7706177830696106, -1.013774037361145]}