{"root_pose": [-3.0962607860565186, -0.35097309947013855, 0.20309382677078247], "body_pose": [-0.2746194303035736, 0.03128570318222046, 0.13292205333709717, -0.28207772970199585, -0.026353362947702408, -0.12329763174057007, 0.47804659605026245, -0.009343458339571953, 0.01381454523652792, 0.5401201248168945, 0.05109658092260361, -0.07272181659936905, 0.5456770062446594, -0.05362861230969429, 0.07945773750543594, 0.09544778615236282, -0.01762121170759201, -0.007785448804497719, -0.07335035502910614, 0.07645522803068161, -0.07819278538227081, -0.06340787559747696, -0.0751606896519661, 0.09327628463506699, -0.10814235359430313, -0.007891523651778698, 0.004789519123733044, 0.012510145083069801, -0.008589284494519234, -0.002945180283859372, 0.005602347664535046, 0.004882928915321827, 0.0027081286534667015, 0.07796449959278107, 0.1471989005804062, 0.12967467308044434, -0.10693971067667007, -0.47284021973609924, 0.16566884517669678, -0.12465626001358032, 0.35893577337265015, -0.3571297824382782, -0.36083927750587463, 0.04079698026180267, 0.0251405518501997, 0.010146091692149639, -0.3962695002555847, -0.6186733245849609, -0.07940034568309784, 0.23186515271663666, 0.1618885099887848, 0.018529051914811134, -1.7200862169265747, 0.17500239610671997, 0.20454290509223938, 1.7762377262115479, -0.49879467487335205, -0.16687636077404022, -0.2887393534183502, 0.18423527479171753, 0.1944655478000641, 0.1356744021177292, 0.06276476383209229], "lhand_pose": [-0.16455239057540894, 0.18777161836624146, -0.2682461738586426, 0.14211520552635193, 0.058271463960409164, -0.6694717407226562, 0.00534402672201395, -0.17483651638031006, -0.29721611738204956, -0.24801097810268402, 0.12688791751861572, -0.8445756435394287, 0.02199321985244751, -0.01642250269651413, -0.19505514204502106, -0.02758532203733921, -0.03271448239684105, -0.47135570645332336, -0.31977567076683044, -0.23415635526180267, -0.699193000793457, -0.17446047067642212, -0.0821683406829834, -0.1601237952709198, -0.19752100110054016, -0.09432172030210495, -0.43482479453086853, -0.06049509719014168, -0.15573816001415253, -0.8384948968887329, -0.2708529531955719, -0.17892847955226898, -0.1591760665178299, -0.13978593051433563, 0.08763162791728973, -0.4772023856639862, -0.18499383330345154, -0.103008933365345, 0.24336275458335876, -0.03323567658662796, -0.1183796375989914, -0.4125775098800659, 0.2342032790184021, 0.48032718896865845, 0.09322205930948257], "rhand_pose": [-0.12736570835113525, -0.017578383907675743, 0.3913518786430359, 0.1520848572254181, -0.010190626606345177, 0.15064182877540588, -0.08131952583789825, 0.1245744377374649, -0.13628792762756348, -0.27364981174468994, -0.029123514890670776, 0.7802579998970032, 0.04251833260059357, -0.03307252377271652, 0.13250091671943665, 0.015242405235767365, 0.06066129729151726, 0.35831451416015625, -0.4654087722301483, 0.24403642117977142, 0.6523895263671875, -0.28637802600860596, 0.0844493955373764, 0.4884035289287567, -0.25367364287376404, 0.04439535737037659, 0.6269021034240723, -0.14269474148750305, 0.1820727288722992, 0.8282673358917236, -0.22850915789604187, 0.1084217056632042, 0.41596534848213196, -0.13030606508255005, -0.04779965430498123, 0.5189139246940613, 0.12899667024612427, -0.11611585319042206, -0.03256244957447052, -0.04425410181283951, 0.12539634108543396, 0.001697115832939744, 0.1612967997789383, -0.13717810809612274, 0.1248997375369072], "jaw_pose": [0.09274853765964508, -0.00281453225761652, 0.0034915972501039505], "shape": [0.012448103167116642, 0.2390964776277542, -0.07622489333152771, 0.0677446648478508, 0.0034515017177909613, -0.053874388337135315, -0.013451316393911839, -0.014597155153751373, -0.04026678949594498, -0.024415330961346626], "expr": [1.0069907903671265, 1.5102665424346924, -0.6408532857894897, 0.42588967084884644, -0.27725619077682495, -1.3792264461517334, -0.8597895503044128, 0.5911691784858704, -0.6936209201812744, -0.27101466059684753]}