{"root_pose": [3.0237529277801514, 0.15198959410190582, 0.46756771206855774], "body_pose": [-0.5189132690429688, 0.004624668043106794, 0.4367883503437042, -0.08592020720243454, -0.04432280361652374, -0.3084070682525635, 0.39200466871261597, 0.03220083564519882, -0.018242305144667625, 0.507676362991333, -0.05300508812069893, -0.002707048086449504, 0.5098173022270203, 0.10948649048805237, -4.5121552830096334e-05, -0.024474402889609337, -0.008519444614648819, -0.13097883760929108, 0.11444049328565598, 0.06976053863763809, -0.16461676359176636, -0.07801497727632523, -0.12492038309574127, 0.1034642904996872, -0.08528535813093185, -0.0028382730670273304, -0.060896843671798706, 0.007020117249339819, 0.013055283576250076, -0.037134137004613876, -0.0290820449590683, -0.005903909914195538, -0.002236293163150549, 0.07971034944057465, -0.14803466200828552, 0.12070947885513306, 0.037898920476436615, -0.18017099797725677, -0.19264139235019684, -0.07693259418010712, 0.09616003185510635, -0.23273107409477234, -0.0739314928650856, -0.01746968738734722, 0.11891599744558334, 0.2384546995162964, -0.16413913667201996, -0.8264983892440796, -0.3881300091743469, 0.11080941557884216, -0.045143671333789825, 0.303026020526886, -1.2889676094055176, 0.2910515069961548, -0.1535937637090683, 0.22863911092281342, -0.1909170001745224, -0.01006891019642353, -0.16288281977176666, 0.2141064703464508, -0.09507821500301361, -0.12109412252902985, -0.10199405252933502], "lhand_pose": [-0.06367911398410797, 0.09933175146579742, -0.2563713788986206, 0.13224077224731445, 0.003373419400304556, -0.19645027816295624, -0.04550103470683098, -0.05118238553404808, 0.12386727333068848, -0.1560680866241455, -0.012704514898359776, -0.5510602593421936, 0.032837238162755966, 0.008634778670966625, -0.04665892571210861, -8.413971227128059e-05, -0.004517328925430775, -0.041650328785181046, -0.2578825056552887, -0.16666318476200104, -0.18715596199035645, -0.12734204530715942, -0.03503178432583809, -0.04507489129900932, -0.07589691877365112, -0.022421330213546753, -0.10721894353628159, -0.06315559148788452, -0.16950008273124695, -0.39153245091438293, -0.09319403767585754, -0.08617689460515976, 0.01472045574337244, -0.042307108640670776, 0.055161409080028534, -0.07634346187114716, 0.019069187343120575, 0.14351746439933777, 0.08100821822881699, -0.022436026483774185, -0.019700203090906143, -0.09394896775484085, 0.07401920855045319, 0.08335881680250168, 0.07218770682811737], "rhand_pose": [-0.07516945898532867, -0.04320267215371132, -0.16297411918640137, 0.045487236231565475, -0.004040312487632036, -0.3537745475769043, 0.0014135641977190971, -0.04564785584807396, -0.32438474893569946, 0.04418175294995308, 0.09349501878023148, -0.03401301056146622, 0.06637264788150787, -0.020941289141774178, -0.5815199613571167, 0.010740590281784534, -0.0252273790538311, -0.36133161187171936, 0.33292943239212036, 0.16195964813232422, -0.33731117844581604, -0.09787576645612717, -0.08619070053100586, -0.22977156937122345, 0.16435164213180542, -0.008877984248101711, -0.11749604344367981, 0.1338735669851303, 0.13818669319152832, -0.16115276515483856, 0.06602797657251358, -0.011168066412210464, -0.5300732851028442, 0.04825906455516815, -0.07030990719795227, -0.3104495406150818, -0.23754329979419708, -0.14931415021419525, -0.1587371528148651, 0.047329243272542953, -0.07679352164268494, 0.04859759286046028, -0.090963214635849, 0.10747801512479782, -0.21311020851135254], "jaw_pose": [0.04532058164477348, -0.001024734228849411, -0.004297847393900156], "shape": [-0.005931594409048557, 0.044653475284576416, -0.08571653068065643, 0.08245360851287842, 0.021129611879587173, 0.07074970752000809, -0.012947757728397846, -0.03240571171045303, -0.03356786072254181, -0.031623903661966324], "expr": [-0.38825178146362305, 0.3551783859729767, -1.4769634008407593, -0.04549875110387802, 0.1980607807636261, -0.4816967844963074, 0.04356865584850311, 0.17080944776535034, -0.08668670058250427, -0.16572758555412292]}